156	aaa	256	aaa																																																																																																
65659	bbbb	ccc	cccc																																																																																																
																																																																																																			
																																																																																																			
																																																																																																			
																																																																																																			
																																																																																																			
																																																																																																			
																																																																																																			
																																																																																																			
																																																																																																			
																																																																																																			
																																																																																																			
																																																																																																			
																																																																																																			
																																																																																																			
																																																																																																			
																																																																																																			
																																																																																																			
																																																																																																			
																																																																																																			
																																																																																																			
																																																																																																			
																																																																																																			
																																																																																																			
																																																																																																			
																																																																																																			
																																																																																																			
																																																																																																			
																																																																																																			
																																																																																																			
																																																																																																			
																																																																																																			
																																																																																																			
																																																																																																			
																																																																																																			
																																																																																																			
																																																																																																			
																																																																																																			
																																																																																																			
																																																																																																			
																																																																																																			
																																																																																																			
																																																																																																			
																																																																																																			
																																																																																																			
																																																																																																			
																																																																																																			
																																																																																																			
																																																																																																			
																																																																																																			
																																																																																																			
																																																																																																			
																																																																																																			
																																																																																																			
																																																																																																			
																																																																																																			
																																																																																																			
																																																																																																			
																																																																																																			
																																																																																																			
																																																																																																			
																																																																																																			
																																																																																																			
																																																																																																			
																																																																																																			
																																																																																																			
																																																																																																			
																																																																																																			
																																																																																																			
																																																																																																			
																																																																																																			
																																																																																																			
																																																																																																			
																																																																																																			
																																																																																																			
																																																																																																			
																																																																																																			
																																																																																																			
																																																																																																			
																																																																																																			
																																																																																																			
																																																																																																			
																																																																																																			
																																																																																																			
																																																																																																			
																																																																																																			
																																																																																																			
																																																																																																			
																																																																																																			
																																																																																																			
																																																																																																			
																																																																																																			
																																																																																																			
																																																																																																			
																																																																																																			
																																																																																																			
																																																																																																			
																																																																																																			
																																																																																																			